{"schemaVersion":"1.0","appDefinitionTemplate":{"id":"/providers/Microsoft.PowerApps/apps/","type":"Microsoft.PowerApps/apps","tags":{"primaryDeviceWidth":"640","primaryDeviceHeight":"1136","supportsPortrait":"true","supportsLandscape":"true","primaryFormFactor":"Phone","showStatusBar":"false","publisherVersion":"3.24022.13","minimumRequiredApiVersion":"2.2.0","hasComponent":"false","hasUnlockedComponent":"false","isUnifiedRootApp":"false","offlineLargeFilesSupport":"false","sienaVersion":"20240227T200810Z-3.24022.13.0"},"properties":{"appVersion":"2024-02-27T20:08:10Z","lifeCycleId":"Published","createdByClientVersion":{"major":3,"minor":24022,"build":13,"revision":0,"majorRevision":0,"minorRevision":0},"minClientVersion":{"major":3,"minor":24022,"build":13,"revision":0,"majorRevision":0,"minorRevision":0},"backgroundColor":"rgba(255, 255, 255, 1)","backgroundImageUri":"/10772066116459862282/N225515a5-e558-4f87-ab03-f9f064e33a6b-logoSmallFile","displayName":"Co2 Snap","description":"","commitMessage":"","appUris":{"documentUri":{"value":"/10772066116459862282/N62678b41-f8a1-4108-857a-4549dcc18be6-document.msapp"},"imageUris":[],"additionalUris":[{"isSolutionAware":false,"value":"/10772066116459862282/Nf41d8379-3d02-4935-a8a9-f7901a910df3-identity.json"}]},"createdTime":"0001-01-01T00:00:00Z","lastModifiedTime":"0001-01-01T00:00:00Z","sharedGroupsCount":0,"sharedUsersCount":0,"connectionReferences":{},"databaseReferences":{"default.cds":{"databaseDetails":{"referenceType":"Environmental","environmentName":"default.cds","overrideValues":{"status":"NotSpecified","environmentVariableName":""}},"dataSources":{"Co2 Images":{"entitySetName":"cr33a_co2imageses","logicalName":"cr33a_co2images","isHidden":false}},"actions":["providers/PowerPlatform.Governance/Operations/Read","providers/PowerPlatform.Governance/Operations/Write"]}},"almMode":"Environment","performanceOptimizationEnabled":true,"canConsumeAppPass":true,"enableModernRuntimeMode":false,"executionRestrictions":{"isTeamsOnly":false,"dataLossPreventionEvaluationResult":{"status":"Compliant","lastEvaluationDate":"2024-02-26T15:07:11.7860054Z","violations":[],"violationsByPolicy":[],"violationErrorMessage":"Die App verwendet die folgenden Connectors: ."}}},"appType":"ClassicCanvasApp","appComponents":[]}}